Κωδικός,Τάξη,Ημερομηνία Γέννησης,Φύλο,Ηλικία,Επιλογή 1,Χρόνος 1,Επιλογή 2,Χρόνος 2,Επιλογή 3,Χρόνος 3,Επιλογή 4,Χρόνος 4,Επιλογή 5,Χρόνος 5,Επιλογή 6,Χρόνος 6,Επιλογή 7,Χρόνος 7,Απαντημένες Ερωτήσεις,Ερωτήσης που απαντήθηκαν σωστά,Θέσεις λανθασμένων απαντήσεων,Παρατηρήσεις,Τρόπος Απάντησης(Ψηφιακά/σε χαρτί),question 1,question 2,question 3,question 4,question 5,question 6,question 7,question 8,question 9,question 10,question 11,question 12,question 13,question 14,question 15,question 16,question 17,question 18,question 19,question 20,question 21,question 22,question 23,question 24,question 25,question 26,question 27,question 28,question 29,question 30,question 31,question 32,question 33,question 34,question 35,question 36
10,,2010,Αγόρι,14,Animals,,Animals,,Animals,,Animals,,Animals,,Animals,,Animals,,7,7,,,,1,1,1,0,0,0,1,0,0,1,1,0,0,1,1,1,1,0,,,,,,,,,,,,,,,,,,
11,,2010,Αγόρι,14,Ocean,,Ocean,,,,,,,,,,,,2,2,,,,,,,,,,,,,,,,,,,,,,,,,,,,,,,,,,,,,,,
12,,2013,Κορίτσι,11,City,,City,,City,,City,,City,,City,,City,,7,3,"1, 4, 5, 7",,,0,0,1,1,0,1,0,0,0,1,1,0,1,1,0,0,1,1,,,,,,,,,,,,,,,,,,
14,,2014,Αγόρι,10,Space,,MICROWORLD,,ANCIENT_CIVILIZATION,,ANCIENT_CIVILIZATION,,NATURE_BLOOMING,,FOOD,,FUTURISTIC_TRANSPORTATION,,7,5,"5, 7",,,,,,,,,,,,,,,,,,,,,,,,,,,,,,,,,,,,,,
15,Πρώτη Δημοτικού,2013,Αγόρι,11,Ocean,,Ocean,,Ocean,,Ocean,,Ocean,,Ocean,,Ocean,,7,7,,,,,,,,,,,,,,,,,,,,,,0,1,4,1,2,,4,,1,2,0,,3,0,1,10,,3
16,Πρώτη Γυμνασίου,2011,Αγόρι,13,City,,City,,City,,City,,City,,City,,City,,7,7,,,,,,,,,,,,,,,,,,,,,,1,1,2,1,0,2,3,1,0,2,0,2,4,2,1,10,19,3
17,Δευτέρα Γυμνασίου,2011,Αγόρι,13,City,,City,,City,,City,,City,,City,,City,,7,6,3,,,,,,,,,,,,,,,,,,,,,1,3,4,1,2,2,2,2,2,4,3,1,4,4,4,10,17,2
18,,2011,Κορίτσι,13,City,,City,,City,,LANDSCAPES,,LANDSCAPES,,LANDSCAPES,,FUTURISTIC_TRANSPORTATION,,7,5,"5, 7",,,,,,,,,,,,,,,,,,,,,,,,,,,,,,,,,,,,,,
19,Πρώτη Δημοτικού,2013,Κορίτσι,11,Space,,MICROWORLD,,MICROWORLD,,LANDSCAPES,,LANDSCAPES,,FOOD,,FUTURISTIC_TRANSPORTATION,,7,4,"4, 5, 7",,,,,,,,,,,,,,,,,,,,,0,2,3,1,2,1,4,2,0,1,1,4,4,0,0,9,,2
20,,2008,Κορίτσι,16,Ocean,,MICROWORLD,,ANCIENT_CIVILIZATION,,LANDSCAPES,,NATURE_BLOOMING,,FOOD,,Animals,,7,7,,,,1,1,1,1,0,1,1,0,1,0,0,1,0,0,0,1,0,0,,,,,,,,,,,,,,,,,,
22,,2012,Αγόρι,12,Animals,,Animals,,ANCIENT_CIVILIZATION,,LANDSCAPES,,NATURE_BLOOMING,,FOOD,,FUTURISTIC_TRANSPORTATION,,7,7,,,,1,0,1,0,0,0,1,0,0,1,1,0,1,1,0,0,0,0,,,,,,,,,,,,,,,,,,
23,,2014,Αγόρι,10,City,,,,,,ANCIENT_CIVILIZATION,,ANCIENT_CIVILIZATION,,ANCIENT_CIVILIZATION,,,,0,0,,,,0,0,1,1,0,0,0,0,0,0,0,1,0,1,0,1,0,0,,,,,,,,,,,,,,,,,,
30,,2010,Αγόρι,14,Animals,,Animals,,Animals,,Animals,,Animals,,Animals,,Animals,,7,6,3,,,1,0,1,0,0,0,0,0,0,0,1,0,0,1,1,0,1,0,,,,,,,,,,,,,,,,,,
31,,2010,Αγόρι,14,Animals,,Animals,,Animals,,,,,,,,,,3,3,,,,,,,,,,,,,,,,,,,,,,,,,,,,,,,,,,,,,,,
34,,2014,Αγόρι,10,Ocean,,MICROWORLD,,ANCIENT_CIVILIZATION,,LANDSCAPES,,NATURE_BLOOMING,,FOOD,,FUTURISTIC_TRANSPORTATION,,7,7,,,,,,,,,,,,,,,,,,,,,,,,,,,,,,,,,,,,,,,
35,Πρώτη Δημοτικού,2013,Αγόρι,11,City,,City,,City,,City,,City,,City,,City,,7,7,,,,,,,,,,,,,,,,,,,,,,2,1,4,4,4,2,0,4,2,3,0,4,4,0,0,10,,2
36,Πρώτη Γυμνασίου,2011,Αγόρι,13,Ocean,,MICROWORLD,,ANCIENT_CIVILIZATION,,ANCIENT_CIVILIZATION,,ANCIENT_CIVILIZATION,,ANCIENT_CIVILIZATION,,ANCIENT_CIVILIZATION,,7,7,,,,,,,,,,,,,,,,,,,,,,2,3,2,1,4,3,4,2,0,2,2,1,2,1,2,,18,3
37,Πρώτη Γυμνασίου,2011,Αγόρι,13,Animals,,Animals,,Animals,,Animals,,Animals,,Animals,,Animals,,7,5,"3, 4",,,,,,,,,,,,,,,,,,,,,2,0,3,1,2,2,3,2,1,4,4,2,2,1,4,10,19,3
39,,2013,Κορίτσι,11,Ocean,,Ocean,,Ocean,,Ocean,,Ocean,,Ocean,,Ocean,,7,6,4,,,,,,,,,,,,,,,,,,,,,,,,,,,,,,,,,,,,,,
40,,2008,Αγόρι,16,Animals,,Animals,,Animals,,,,,,,,,,3,3,,,,,,,,,,,,,,,,,,,,,,,,,,,,,,,,,,,,,,,
41,,2012,Αγόρι,12,Space,,Space,,Space,,Space,,Space,,FOOD,,FUTURISTIC_TRANSPORTATION,,7,7,,,,1,1,1,1,1,1,0,0,1,0,1,1,1,0,1,1,0,0,,,,,,,,,,,,,,,,,,
42,,2012,Κορίτσι,12,Ocean,,Ocean,,,,,,,,,,,,2,2,,,,,,,,,,,,,,,,,,,,,,,,,,,,,,,,,,,,,,,
45,,2013,Κορίτσι,11,Animals,,MICROWORLD,,MICROWORLD,,LANDSCAPES,,NATURE_BLOOMING,,FOOD,,FUTURISTIC_TRANSPORTATION,,7,5,"3, 4",,,1,1,0,0,1,1,1,1,1,0,0,0,1,1,0,1,0,0,,,,,,,,,,,,,,,,,,
46,,2014,Κορίτσι,10,Space,,Space,,Space,,Space,,Space,,Space,,Space,,7,6,2,,,0,0,1,0,1,0,1,0,0,1,0,0,1,0,0,0,0,1,,,,,,,,,,,,,,,,,,
50,,2010,Αγόρι,14,City,,City,,ANCIENT_CIVILIZATION,,LANDSCAPES,,LANDSCAPES,,FOOD,,FUTURISTIC_TRANSPORTATION,,7,6,5,,,1,0,1,1,0,0,0,0,0,0,1,0,0,1,0,1,0,0,,,,,,,,,,,,,,,,,,
51,,2010,Κορίτσι,14,Space,,Space,,Space,,Space,,Space,,Space,,Space,,7,7,,,,1,1,1,1,0,0,1,0,0,1,1,0,0,0,0,1,1,0,,,,,,,,,,,,,,,,,,
53,,2014,Κορίτσι,10,Space,,Space,,ANCIENT_CIVILIZATION,,ANCIENT_CIVILIZATION,,ANCIENT_CIVILIZATION,,FOOD,,FOOD,,7,7,,,,,,,,,,,,,,,,,,,,,,,,,,,,,,,,,,,,,,,
54,Πρώτη Γυμνασίου,2011,Κορίτσι,13,City,,MICROWORLD,,ANCIENT_CIVILIZATION,,LANDSCAPES,,NATURE_BLOOMING,,FOOD,,FOOD,,7,5,"1, 4",,,,,,,,,,,,,,,,,,,,,1,3,2,2,4,4,4,2,1,4,2,2,4,3,2,,19,2
55,Πρώτη Δημοτικού,2013,Αγόρι,11,Space,,MICROWORLD,,MICROWORLD,,LANDSCAPES,,LANDSCAPES,,FOOD,,FOOD,,7,4,"4, 5, 7",,,,,,,,,,,,,,,,,,,,,2,3,1,4,2,3,4,1,0,3,4,0,3,3,0,10,,2
57,Πρώτη Γυμνασίου,2011,Κορίτσι,13,Space,,MICROWORLD,,MICROWORLD,,LANDSCAPES,,LANDSCAPES,,FOOD,,FOOD,,7,5,"4, 5",,,,,,,,,,,,,,,,,,,,,3,4,4,3,4,4,1,1,1,4,3,2,4,1,1,,18,2
59,,2013,Κορίτσι,11,Animals,,Animals,,Animals,,Animals,,Animals,,Animals,,Animals,,7,7,,,,,,,,,,,,,,,,,,,,,,,,,,,,,,,,,,,,,,,
60,,2008,Αγόρι,16,Animals,,Animals,,Animals,,Animals,,Animals,,Animals,,Animals,,7,6,7,,,1,1,1,1,1,1,1,1,1,1,1,1,1,1,1,1,1,1,,,,,,,,,,,,,,,,,,
61,,2012,Αγόρι,12,Ocean,,Ocean,,Ocean,,Ocean,,Ocean,,Ocean,,FUTURISTIC_TRANSPORTATION,,7,6,6,,,1,0,1,1,0,0,1,0,0,1,1,0,1,0,0,0,1,0,,,,,,,,,,,,,,,,,,
62,,,Κορίτσι,,City,,MICROWORLD,,MICROWORLD,,LANDSCAPES,,LANDSCAPES,,FOOD,,FOOD,,7,5,"3, 5",,,1,1,1,0,0,0,1,0,1,1,1,0,0,0,0,1,0,0,,,,,,,,,,,,,,,,,,
65,,2013,Κορίτσι,11,Animals,,MICROWORLD,,MICROWORLD,,LANDSCAPES,,LANDSCAPES,,FOOD,,FOOD,,7,4,"4, 5, 7",,,1,1,1,0,1,1,1,1,1,1,0,0,0,1,0,0,1,0,,,,,,,,,,,,,,,,,,
71,,2010,Κορίτσι,14,Space,,Space,,Space,,LANDSCAPES,,NATURE_BLOOMING,,FOOD,,FOOD,,7,7,,,,1,1,1,1,0,0,1,0,0,1,1,0,0,1,0,1,1,0,,,,,,,,,,,,,,,,,,
74,Πρώτη Γυμνασίου,2011,Κορίτσι,13,Space,,Space,,ANCIENT_CIVILIZATION,,ANCIENT_CIVILIZATION,,ANCIENT_CIVILIZATION,,ANCIENT_CIVILIZATION,,FUTURISTIC_TRANSPORTATION,,7,7,,,,,,,,,,,,,,,,,,,,,,2,3,2,3,2,4,3,3,1,2,2,2,2,3,1,,18,2
75,Πρώτη Δημοτικού,2013,Αγόρι,11,City,,City,,City,,City,,City,,City,,City,,7,7,,,,,,,,,,,,,,,,,,,,,,2,3,2,3,3,3,4,3,0,2,3,3,3,1,1,10,,2
77,,2011,Αγόρι,13,Space,,Space,,Space,,Space,,Space,,Space,,Space,,7,7,,,,,,,,,,,,,,,,,,,,,,,,,,,,,,,,,,,,,,,
80,,2008,Αγόρι,16,Ocean,,Ocean,,Ocean,,Ocean,,Ocean,,Ocean,,Ocean,,7,3,"4, 5, 6, 7",,,1,1,0,1,0,0,0,0,0,1,1,0,0,0,1,1,1,1,,,,,,,,,,,,,,,,,,
81,,2012,Κορίτσι,12,Space,,Space,,Space,,Space,,Space,,Space,,Space,,7,6,6,,,1,1,1,1,0,0,1,0,0,0,1,0,0,1,0,1,0,0,,,,,,,,,,,,,,,,,,
82,,2012,Αγόρι,12,Animals,,MICROWORLD,,ANCIENT_CIVILIZATION,,,,,,,,,,3,3,,,,,,,,,,,,,,,,,,,,,,,,,,,,,,,,,,,,,,,
93,,2014,Κορίτσι,10,Animals,,Animals,,Animals,,Animals,,Animals,,Animals,,Animals,,7,6,3,,,,,,,,,,,,,,,,,,,,,,,,,,,,,,,,,,,,,,
94,,2011,Αγόρι,13,City,,City,,City,,City,,City,,City,,City,,6,6,,,,,,,,,,,,,,,,,,,,,,,,,,,,,,,,,,,,,,,
95,Πρώτη Δημοτικού,2013,Αγόρι,11,Space,,Space,,ANCIENT_CIVILIZATION,,ANCIENT_CIVILIZATION,,NATURE_BLOOMING,,NATURE_BLOOMING,,FUTURISTIC_TRANSPORTATION,,7,5,"4, 7",,,,,,,,,,,,,,,,,,,,,3,1,4,2,2,4,4,1,0,3,0,4,3,0,0,10,,3
96,Πρώτη Γυμνασίου,2011,Αγόρι,13,Space,,Space,,Space,,Space,,Space,,Space,,Space,,7,6,6,,,,,,,,,,,,,,,,,,,,,2,0,4,0,3,2,4,0,0,1,1,4,1,0,0,,20,3
97,,2011,Κορίτσι,13,Ocean,,Ocean,,Ocean,,Ocean,,Ocean,,Ocean,,Ocean,,7,6,4,,,,,,,,,,,,,,,,,,,,,,,,,,,,,,,,,,,,,,
100,,2008,Αγόρι,16,,,,,,,,,,,,,,,0,0,,,,,,,,,,,,,,,,,,,,,,,,,,,,,,,,,,,,,,,
101,,,Κορίτσι,,City,,MICROWORLD,,MICROWORLD,,LANDSCAPES,,LANDSCAPES,,LANDSCAPES,,LANDSCAPES,,7,7,,,,1,1,1,1,0,1,1,0,0,1,1,0,0,1,1,0,0,0,,,,,,,,,,,,,,,,,,
102,,2012,Αγόρι,12,City,,,,,,,,,,,,,,1,1,,,,,,,,,,,,,,,,,,,,,,,,,,,,,,,,,,,,,,,
111,,2010,Κορίτσι,14,City,,City,,City,,City,,City,,FOOD,,,,6,6,,,,,,,,,,,,,,,,,,,,,,,,,,,,,,,,,,,,,,,
112,,2013,Κορίτσι,11,Space,,Space,,ANCIENT_CIVILIZATION,,ANCIENT_CIVILIZATION,,NATURE_BLOOMING,,FOOD,,FOOD,,7,6,5,,,1,0,1,0,1,1,1,1,1,1,0,0,1,1,1,1,0,1,,,,,,,,,,,,,,,,,,
114,,2011,Αγόρι,13,Animals,,Animals,,ANCIENT_CIVILIZATION,,LANDSCAPES,,NATURE_BLOOMING,,FOOD,,FUTURISTIC_TRANSPORTATION,,7,7,,,,,,,,,,,,,,,,,,,,,,,,,,,,,,,,,,,,,,,
115,,2013,Αγόρι,11,City,,City,,City,,City,,City,,City,,City,,7,7,,,,,,,,,,,,,,,,,,,,,,,,,,,,,,,,,,,,,,,
116,Πρώτη Γυμνασίου,2011,Αγόρι,13,City,,MICROWORLD,,ANCIENT_CIVILIZATION,,LANDSCAPES,,NATURE_BLOOMING,,FOOD,,FOOD,,7,6,1,,,,,,,,,,,,,,,,,,,,,2,1,4,1,4,4,2,1,1,4,1,1,4,2,1,10,18,2
117,Πρώτη Λυκείου,2011,Κορίτσι,13,City,,City,,City,,LANDSCAPES,,LANDSCAPES,,FOOD,,FOOD,,7,5,"4, 5",,,,,,,,,,,,,,,,,,,,,2,3,2,0,4,4,1,0,2,1,2,2,3,3,4,,19,1
120,,2008,Αγόρι,16,Ocean,,MICROWORLD,,MICROWORLD,,LANDSCAPES,,LANDSCAPES,,LANDSCAPES,,LANDSCAPES,,7,5,"3, 7",,,1,0,0,1,1,,0,0,0,1,1,0,1,0,0,0,0,1,,,,,,,,,,,,,,,,,,
121,,2012,Κορίτσι,12,Space,,MICROWORLD,,ANCIENT_CIVILIZATION,,LANDSCAPES,,NATURE_BLOOMING,,FOOD,,FUTURISTIC_TRANSPORTATION,,7,7,,,,1,1,0,1,1,1,,1,,,,,,,,,,1,,,,,,,,,,,,,,,,,,
122,,2012,Αγόρι,12,City,,City,,City,,City,,City,,City,,City,,7,7,,,,0,0,1,1,0,0,1,0,0,1,1,0,0,1,0,1,0,0,,,,,,,,,,,,,,,,,,
125,,2013,Αγόρι,11,Space,,Space,,Space,,Space,,NATURE_BLOOMING,,NATURE_BLOOMING,,NATURE_BLOOMING,,7,4,"3, 6, 7",,,1,1,1,1,0,0,0,0,0,1,1,0,1,1,0,0,1,0,,,,,,,,,,,,,,,,,,
129,,2013,Αγόρι,11,City,,City,,,,LANDSCAPES,,LANDSCAPES,,,,,,4,2,"1, 2",,,,,,,,,,,,,,,,,,,,,,,,,,,,,,,,,,,,,,
135,,2013,Αγόρι,11,Space,,Space,,Space,,Space,,Space,,FOOD,,FUTURISTIC_TRANSPORTATION,,7,5,"3, 7",,,,,,,,,,,,,,,,,,,,,,,,,,,,,,,,,,,,,,
136,Πρώτη Γυμνασίου,2011,Αγόρι,13,Space,,Space,,Space,,Space,,Space,,FOOD,,FUTURISTIC_TRANSPORTATION,,7,7,,,,,,,,,,,,,,,,,,,,,,0,1,4,0,0,0,4,0,0,2,3,4,2,1,2,,18,2
137,,2011,Κορίτσι,13,City,,City,,City,,City,,City,,City,,City,,7,4,"4, 5, 7",,,,,,,,,,,,,,,,,,,,,,,,,,,,,,,,,,,,,,
140,,2008,Κορίτσι,16,Ocean,,Ocean,,,,,,,,,,,,2,2,,,,,,,,,,,,,,,,,,,,,,,,,,,,,,,,,,,,,,,
142,,2014,Αγόρι,10,Animals,,MICROWORLD,,MICROWORLD,,LANDSCAPES,,LANDSCAPES,,LANDSCAPES,,,,6,6,,,,,,,,,,,,,,,,,,,,,,,,,,,,,,,,,,,,,,,
151,,2009,Αγόρι,15,City,,City,,City,,City,,City,,City,,City,,7,5,"6, 7",,,,,,,,,,,,,,,,,,,,,,,,,,,,,,,,,,,,,,
152,,2013,Αγόρι,11,Animals,,MICROWORLD,,ANCIENT_CIVILIZATION,,LANDSCAPES,,NATURE_BLOOMING,,FOOD,,FOOD,,7,3,"1, 3, 4, 5",,,1,0,1,0,0,1,0,0,1,1,0,1,1,0,0,1,1,0,,,,,,,,,,,,,,,,,,
153,,2014,Αγόρι,10,Space,,Space,,ANCIENT_CIVILIZATION,,LANDSCAPES,,LANDSCAPES,,FOOD,,FOOD,,7,6,4,,,,,,,,,,,,,,,,,,,,,,,,,,,,,,,,,,,,,,
154,Πρώτη Γυμνασίου,2011,Αγόρι,13,City,,City,,City,,City,,City,,City,,City,,7,6,3,,,,,,,,,,,,,,,,,,,,,4,2,0,0,4,4,3,4,1,4,0,2,4,1,0,10,19,2
155,Πρώτη Δημοτικού,2013,Αγόρι,11,Space,,MICROWORLD,,ANCIENT_CIVILIZATION,,LANDSCAPES,,NATURE_BLOOMING,,FOOD,,FOOD,,7,7,,,,,,,,,,,,,,,,,,,,,,,,,,,,,,,,,,,,,,,
156,Πρώτη Γυμνασίου,2011,Αγόρι,13,City,,City,,City,,City,,City,,City,,City,,7,7,,,,,,,,,,,,,,,,,,,,,,3,2,2,1,2,1,4,2,1,2,2,2,3,2,2,10,17,2
157,Πρώτη Γυμνασίου,2011,Κορίτσι,13,Animals,,Animals,,Animals,,Animals,,Animals,,Animals,,Animals,,7,4,"3, 6, 7",,,,,,,,,,,,,,,,,,,,,0,0,4,3,3,4,4,1,0,3,0,4,4,0,0,,16,2
160,,2008,Κορίτσι,16,City,,City,,ANCIENT_CIVILIZATION,,LANDSCAPES,,NATURE_BLOOMING,,City,,City,,7,7,,,,1,1,1,1,0,0,0,0,0,1,1,0,0,0,0,0,0,0,,,,,,,,,,,,,,,,,,
161,,2012,Αγόρι,12,Space,,Space,,Space,,Space,,Space,,Space,,Space,,7,7,,,,1,1,1,1,0,1,1,0,0,1,1,0,0,1,0,1,0,0,,,,,,,,,,,,,,,,,,
162,,2012,Κορίτσι,12,City,,City,,City,,LANDSCAPES,,NATURE_BLOOMING,,NATURE_BLOOMING,,FUTURISTIC_TRANSPORTATION,,7,5,"3, 6",,,1,0,1,1,0,0,0,0,0,1,0,0,0,0,1,0,0,1,,,,,,,,,,,,,,,,,,
163,,2014,Αγόρι,10,Animals,,Animals,,Animals,,,,,,,,,,3,3,,,,,,,,,,,,,,,,,,,,,,,,,,,,,,,,,,,,,,,
173,,2014,Αγόρι,10,Space,,Space,,Space,,Space,,Space,,Space,,Space,,7,5,"3, 7",,,,,,,,,,,,,,,,,,,,,,,,,,,,,,,,,,,,,,
174,,2011,Αγόρι,13,City,,City,,City,,City,,City,,City,,City,,7,7,,,,,,,,,,,,,,,,,,,,,,,,,,,,,,,,,,,,,,,
176,,2011,Κορίτσι,13,Ocean,,Ocean,,Ocean,,Ocean,,Ocean,,Ocean,,ANCIENT_CIVILIZATION,,7,5,"4, 7",,,,,,,,,,,,,,,,,,,,,,,,,,,,,,,,,,,,,,
177,Πρώτη Γυμνασίου,2011,Κορίτσι,13,Ocean,,Ocean,,Ocean,,Ocean,,Ocean,,Ocean,,Ocean,,7,5,"4, 6",,,,,,,,,,,,,,,,,,,,,1,4,2,0,4,4,3,0,0,4,1,4,4,1,0,,18,1
180,,2008,Αγόρι,16,City,,City,,,,,,,,,,,,2,2,,,,,,,,,,,,,,,,,,,,,,,,,,,,,,,,,,,,,,,
182,,2012,Αγόρι,12,Animals,,Animals,,Animals,,,,,,,,,,3,3,,,,,,,,,,,,,,,,,,,,,,,,,,,,,,,,,,,,,,,
183,,2014,Κορίτσι,10,City,,City,,City,,City,,City,,City,,City,,7,4,"1, 4, 7",,,,,,,,,,,,,,,,,,,,,,,,,,,,,,,,,,,,,,
189,,2013,Κορίτσι,11,Ocean,,Ocean,,Ocean,,Ocean,,Ocean,,Ocean,,,,4,3,3,,,1,0,1,1,0,1,1,0,0,1,1,0,1,0,0,1,1,1,,,,,,,,,,,,,,,,,,
194,Πρώτη Γυμνασίου,,Κορίτσι,,Ocean,,Ocean,,Ocean,,Ocean,,Ocean,,Ocean,,Ocean,,7,5,"4, 6",,,,,,,,,,,,,,,,,,,,,1,2,4,1,3,4,3,0,1,2,1,2,4,3,0,10,19,2
195,Πρώτη Δημοτικού,2013,Κορίτσι,11,Ocean,,Ocean,,ANCIENT_CIVILIZATION,,LANDSCAPES,,LANDSCAPES,,LANDSCAPES,,LANDSCAPES,,7,4,"3, 5, 7",,,,,,,,,,,,,,,,,,,,,0,,4,3,4,3,2,3,0,2,0,4,3,0,1,10,,2
196,,2011,Κορίτσι,13,Space,,Space,,Space,,Space,,Space,,Space,,Space,,7,6,3,,,,,,,,,,,,,,,,,,,,,,,,,,,,,,,,,,,,,,
197,Πρώτη Γυμνασίου,2011,Αγόρι,13,City,,City,,City,,City,,City,,City,,City,,7,4,"3, 4, 7",,,,,,,,,,,,,,,,,,,,,2,4,3,1,4,4,3,3,1,4,0,2,3,1,0,,19,1
200,,2008,Κορίτσι,16,Ocean,,,,,,,,,,,,,,1,1,,,,,,,,,,,,,,,,,,,,,,,,,,,,,,,,,,,,,,,
202,,2012,Αγόρι,12,Space,,Space,,ANCIENT_CIVILIZATION,,LANDSCAPES,,NATURE_BLOOMING,,FOOD,,FUTURISTIC_TRANSPORTATION,,7,7,,,,1,0,1,0,0,0,1,0,0,0,1,0,0,0,0,0,0,0,,,,,,,,,,,,,,,,,,
204,,,Κορίτσι,,Space,,Space,,,,,,,,,,,,2,0,"1, 2",,,,,,,,,,,,,,,,,,,,,,,,,,,,,,,,,,,,,,
205,,2013,Αγόρι,11,Animals,,MICROWORLD,,MICROWORLD,,LANDSCAPES,,NATURE_BLOOMING,,FOOD,,FOOD,,7,6,7,,,1,1,1,1,0,,1,0,0,0,1,0,1,1,,1,1,0,,,,,,,,,,,,,,,,,,
214,,2011,Αγόρι,13,Space,,Space,,Space,,LANDSCAPES,,NATURE_BLOOMING,,FOOD,,FOOD,,7,6,7,,,,,,,,,,,,,,,,,,,,,,,,,,,,,,,,,,,,,,
216,Πρώτη Γυμνασίου,2024,Αγόρι,0,Animals,,MICROWORLD,,MICROWORLD,,LANDSCAPES,,LANDSCAPES,,FOOD,,FOOD,,7,6,5,,,,,,,,,,,,,,,,,,,,,1,2,4,0,3,4,2,1,0,3,0,3,2,1,1,,20,3
217,Πρώτη Γυμνασίου,2011,Αγόρι,13,Ocean,,Ocean,,Ocean,,Ocean,,Ocean,,Ocean,,Ocean,,7,6,4,,,,,,,,,,,,,,,,,,,,,3,0,4,0,3,4,4,3,1,4,2,0,3,4,2,,18,3
220,,2008,Κορίτσι,16,Ocean,,Ocean,,Ocean,,Ocean,,Ocean,,Ocean,,Ocean,,7,5,"3, 6",,,0,1,0,0,1,0,0,1,1,0,0,0,0,1,1,1,0,1,,,,,,,,,,,,,,,,,,
223,,2014,Κορίτσι,10,Animals,,Animals,,Animals,,,,,,,,,,3,3,,,,,,,,,,,,,,,,,,,,,,,,,,,,,,,,,,,,,,,
233,,2014,Κορίτσι,10,Space,,Space,,ANCIENT_CIVILIZATION,,ANCIENT_CIVILIZATION,,ANCIENT_CIVILIZATION,,ANCIENT_CIVILIZATION,,FUTURISTIC_TRANSPORTATION,,7,2,"2, 3, 4, 5, 7",,,,,,,,,,,,,,,,,,,,,,,,,,,,,,,,,,,,,,
234,,2011,Κορίτσι,13,Space,,MICROWORLD,,ANCIENT_CIVILIZATION,,LANDSCAPES,,NATURE_BLOOMING,,FOOD,,FUTURISTIC_TRANSPORTATION,,7,7,,,,,,,,,,,,,,,,,,,,,,,,,,,,,,,,,,,,,,,
235,,2013,Κορίτσι,11,City,,City,,City,,City,,City,,FOOD,,FUTURISTIC_TRANSPORTATION,,7,7,,,,,,,,,,,,,,,,,,,,,,,,,,,,,,,,,,,,,,,
237,Πρώτη Γυμνασίου,2011,Κορίτσι,13,Ocean,,Ocean,,Ocean,,Ocean,,Ocean,,Ocean,,Ocean,,7,6,4,,,,,,,,,,,,,,,,,,,,,1,2,3,2,2,3,3,2,1,3,1,3,2,2,1,10,19,2
240,,2008,Αγόρι,16,Space,,Space,,Space,,Space,,Space,,Space,,Space,,7,5,"6, 7",,,1,0,1,0,1,1,1,0,0,0,1,0,1,1,0,1,0,1,,,,,,,,,,,,,,,,,,
242,,2012,Αγόρι,12,Space,,Space,,ANCIENT_CIVILIZATION,,LANDSCAPES,,NATURE_BLOOMING,,FOOD,,,,6,6,,,,,,,,,,,,,,,,,,,,,,,,,,,,,,,,,,,,,,,
244,,2013,Κορίτσι,11,City,,City,,ANCIENT_CIVILIZATION,,ANCIENT_CIVILIZATION,,ANCIENT_CIVILIZATION,,ANCIENT_CIVILIZATION,,ANCIENT_CIVILIZATION,,7,4,"1, 4, 6",,,1,0,1,1,0,0,1,0,1,1,0,0,0,1,0,1,0,0,,,,,,,,,,,,,,,,,,
248,,2014,Κορίτσι,10,Space,,Space,,Space,,Space,,Space,,Space,,Space,,7,3,"1, 4, 5, 6",,,,,,,,,,,,,,,,,,,,,,,,,,,,,,,,,,,,,,
249,,2013,Κορίτσι,11,Ocean,,Ocean,,Ocean,,LANDSCAPES,,LANDSCAPES,,LANDSCAPES,,LANDSCAPES,,7,6,6,,,1,1,0,0,1,1,,,,1,1,0,1,1,0,1,1,1,,,,,,,,,,,,,,,,,,
252,,2013,Κορίτσι,11,Space,,Space,,ANCIENT_CIVILIZATION,,ANCIENT_CIVILIZATION,,NATURE_BLOOMING,,NATURE_BLOOMING,,FUTURISTIC_TRANSPORTATION,,7,4,"4, 5, 6",,,1,0,1,1,0,0,1,,0,0,0,0,0,1,0,0,0,0,,,,,,,,,,,,,,,,,,
254,,2011,Αγόρι,13,City,,City,,City,,City,,City,,City,,City,,7,6,7,,,,,,,,,,,,,,,,,,,,,,,,,,,,,,,,,,,,,,
255,,2013,Κορίτσι,11,Animals,,Animals,,Animals,,Animals,,Animals,,Animals,,Animals,,7,7,,,,,,,,,,,,,,,,,,,,,,,,,,,,,,,,,,,,,,,
256,Πρώτη Γυμνασίου,2011,Κορίτσι,13,Ocean,,Ocean,,Ocean,,Ocean,,Ocean,,Ocean,,Ocean,,7,6,6,,,,,,,,,,,,,,,,,,,,,3,2,4,2,4,4,1,0,2,2,1,0,2,4,2,10,18,2
260,,2008,Αγόρι,16,City,,MICROWORLD,,ANCIENT_CIVILIZATION,,ANCIENT_CIVILIZATION,,ANCIENT_CIVILIZATION,,FOOD,,,,6,6,,,,,,,,,,,,,,,,,,,,,,,,,,,,,,,,,,,,,,,
262,,2012,Αγόρι,12,Animals,,Animals,,ANCIENT_CIVILIZATION,,LANDSCAPES,,NATURE_BLOOMING,,FOOD,,,,6,5,5,,,,,,,,,,,,,,,,,,,,,,,,,,,,,,,,,,,,,,
273,,2014,Αγόρι,10,City,,MICROWORLD,,MICROWORLD,,MICROWORLD,,MICROWORLD,,MICROWORLD,,MICROWORLD,,7,6,3,,,,,,,,,,,,,,,,,,,,,,,,,,,,,,,,,,,,,,
274,Πρώτη Γυμνασίου,2011,Κορίτσι,13,Animals,,MICROWORLD,,ANCIENT_CIVILIZATION,,LANDSCAPES,,NATURE_BLOOMING,,NATURE_BLOOMING,,FUTURISTIC_TRANSPORTATION,,7,5,"5, 6",,,,,,,,,,,,,,,,,,,,,2,3,4,1,3,2,4,1,0,4,2,2,3,1,1,10,19,2
275,,2013,Κορίτσι,11,Space,,Space,,Space,,Space,,Space,,Space,,Space,,7,5,"3, 7",,,,,,,,,,,,,,,,,,,,,,,,,,,,,,,,,,,,,,
280,,2008,Αγόρι,16,City,,City,,City,,City,,City,,City,,City,,7,6,7,,,1,0,0,1,0,0,1,0,0,1,1,0,0,0,0,0,1,0,,,,,,,,,,,,,,,,,,
282,,2012,Κορίτσι,12,City,,City,,City,,City,,City,,City,,City,,7,6,7,,,,,,,,,,,,,,,,,,,,,,,,,,,,,,,,,,,,,,
294,,2011,Κορίτσι,13,Ocean,,MICROWORLD,,ANCIENT_CIVILIZATION,,LANDSCAPES,,NATURE_BLOOMING,,FOOD,,FUTURISTIC_TRANSPORTATION,,7,6,5,,,,,,,,,,,,,,,,,,,,,,,,,,,,,,,,,,,,,,
295,,2013,Κορίτσι,11,City,,City,,City,,City,,City,,City,,City,,7,7,,,,,,,,,,,,,,,,,,,,,,,,,,,,,,,,,,,,,,,
296,Πρώτη Γυμνασίου,2011,Κορίτσι,13,Animals,,Animals,,Animals,,Animals,,Animals,,Animals,,Animals,,7,7,,,,,,,,,,,,,,,,,,,,,,3,4,2,3,4,4,1,2,4,3,4,0,3,4,3,10,17,1
297,Πρώτη Γυμνασίου,2011,Κορίτσι,13,Space,,MICROWORLD,,ANCIENT_CIVILIZATION,,ANCIENT_CIVILIZATION,,NATURE_BLOOMING,,FOOD,,FUTURISTIC_TRANSPORTATION,,7,5,"4, 5",,,,,,,,,,,,,,,,,,,,,2,4,4,2,1,4,1,2,3,2,1,2,2,4,2,,17,2
300,,2008,Αγόρι,16,Space,,Space,,Space,,Space,,Space,,Space,,Space,,7,6,3,,,1,0,0,1,0,0,1,1,0,1,1,0,0,0,0,0,0,1,,,,,,,,,,,,,,,,,,
302,,2012,Κορίτσι,12,Ocean,,Ocean,,Ocean,,Ocean,,NATURE_BLOOMING,,NATURE_BLOOMING,,FUTURISTIC_TRANSPORTATION,,7,4,"3, 4, 6",,,1,1,1,1,0,1,1,0,1,1,1,0,1,1,0,1,0,0,,,,,,,,,,,,,,,,,,
304,,2013,Κορίτσι,11,Ocean,,MICROWORLD,,ANCIENT_CIVILIZATION,,LANDSCAPES,,NATURE_BLOOMING,,FOOD,,FUTURISTIC_TRANSPORTATION,,7,7,,,,1,0,1,0,0,0,1,0,0,1,1,0,0,1,0,0,1,0,,,,,,,,,,,,,,,,,,
313,,2014,Αγόρι,10,Animals,,Animals,,Animals,,Animals,,Animals,,Animals,,Animals,,7,6,4,,,,,,,,,,,,,,,,,,,,,,,,,,,,,,,,,,,,,,
314,,2011,Κορίτσι,13,Ocean,,MICROWORLD,,MICROWORLD,,LANDSCAPES,,LANDSCAPES,,LANDSCAPES,,FUTURISTIC_TRANSPORTATION,,7,7,,,,,,,,,,,,,,,,,,,,,,,,,,,,,,,,,,,,,,,
315,,2013,Κορίτσι,11,Animals,,Animals,,Animals,,Animals,,Animals,,Animals,,Animals,,7,4,"3, 6, 7",,,,,,,,,,,,,,,,,,,,,,,,,,,,,,,,,,,,,,
316,Πρώτη Γυμνασίου,2011,Κορίτσι,13,Space,,Space,,Space,,Space,,Space,,Space,,Space,,7,6,1,,,,,,,,,,,,,,,,,,,,,1,1,4,0,3,3,4,0,0,2,3,2,3,2,1,10,19,3
320,,2008,Αγόρι,16,Animals,,Animals,,Animals,,Animals,,,,,,,,4,2,"3, 4",,,,,,,,,,,,,,,,,,,,,,,,,,,,,,,,,,,,,,
322,,2012,Αγόρι,12,Space,,Space,,Space,,Space,,Space,,Space,,Space,,7,4,"3, 4, 6",,,1,1,1,1,0,0,0,0,1,0,1,0,0,1,0,0,0,0,,,,,,,,,,,,,,,,,,
331,,2011,Κορίτσι,13,Space,,Space,,Space,,Space,,Space,,Space,,Space,,7,7,,,,,,,,,,,,,,,,,,,,,,,,,,,,,,,,,,,,,,,
333,,2014,Κορίτσι,10,Animals,,Animals,,ANCIENT_CIVILIZATION,,LANDSCAPES,,LANDSCAPES,,LANDSCAPES,,FUTURISTIC_TRANSPORTATION,,7,4,"2, 5, 7",,,,,,,,,,,,,,,,,,,,,,,,,,,,,,,,,,,,,,
334,,2011,Κορίτσι,13,Animals,,Animals,,Animals,,Animals,,Animals,,Animals,,Animals,,7,6,3,,,,,,,,,,,,,,,,,,,,,,,,,,,,,,,,,,,,,,
335,Πρώτη Δημοτικού,2013,Κορίτσι,11,Space,,MICROWORLD,,ANCIENT_CIVILIZATION,,LANDSCAPES,,NATURE_BLOOMING,,FOOD,,FUTURISTIC_TRANSPORTATION,,7,6,3,,,,,,,,,,,,,,,,,,,,,1,1,4,0,2,4,4,2,0,1,0,4,4,0,0,10,,3
336,Πρώτη Γυμνασίου,2011,Κορίτσι,13,Ocean,,MICROWORLD,,ANCIENT_CIVILIZATION,,ANCIENT_CIVILIZATION,,ANCIENT_CIVILIZATION,,ANCIENT_CIVILIZATION,,ANCIENT_CIVILIZATION,,7,5,"3, 6",,,,,,,,,,,,,,,,,,,,,1,2,4,0,1,4,2,0,1,3,0,2,3,1,0,10,18,2
340,,2008,Κορίτσι,16,Animals,,,,,,,,,,,,,,1,1,,,,,,,,,,,,,,,,,,,,,,,,,,,,,,,,,,,,,,,
342,,2012,Κορίτσι,12,Ocean,,MICROWORLD,,MICROWORLD,,LANDSCAPES,,NATURE_BLOOMING,,FOOD,,FUTURISTIC_TRANSPORTATION,,7,7,,,,1,0,1,1,0,1,0,0,1,1,1,0,0,1,0,1,0,0,,,,,,,,,,,,,,,,,,
349,Πρώτη Γυμνασίου,2011,Κορίτσι,13,Ocean,,Ocean,,Ocean,,Ocean,,Ocean,,Ocean,,Ocean,,7,6,4,,,,,,,,,,,,,,,,,,,,,4,2,3,2,,4,0,2,4,3,2,2,1,2,0,,17,2
350,,2009,Κορίτσι,15,Ocean,,Ocean,,Ocean,,LANDSCAPES,,LANDSCAPES,,FOOD,,FUTURISTIC_TRANSPORTATION,,7,5,"5, 7",,,1,1,1,1,1,0,0,0,1,0,1,1,1,1,1,1,0,0,,,,,,,,,,,,,,,,,,
354,Πρώτη Γυμνασίου,2011,Κορίτσι,13,Ocean,,Ocean,,Ocean,,Ocean,,Ocean,,Ocean,,Ocean,,7,7,,,,,,,,,,,,,,,,,,,,,,3,1,3,0,3,4,2,2,1,3,1,2,4,2,1,,19,2
355,Πρώτη Δημοτικού,2013,Κορίτσι,11,Space,,MICROWORLD,,MICROWORLD,,LANDSCAPES,,NATURE_BLOOMING,,FOOD,,FOOD,,7,6,4,,,,,,,,,,,,,,,,,,,,,3,2,4,2,3,3,2,2,1,2,0,3,4,3,1,10,,2
356,Πρώτη Γυμνασίου,2010,Κορίτσι,14,Animals,,Animals,,Animals,,Animals,,Animals,,Animals,,Animals,,7,7,,,,,,,,,,,,,,,,,,,,,,3,2,4,2,3,4,2,1,2,4,2,2,3,2,2,,16,2
357,,2011,Αγόρι,13,Ocean,,Ocean,,Ocean,,Ocean,,Ocean,,Ocean,,Ocean,,7,5,"4, 5",,,,,,,,,,,,,,,,,,,,,,,,,,,,,,,,,,,,,,
360,,2008,Κορίτσι,16,Ocean,,,,,,,,,,,,,,1,1,,,,,,,,,,,,,,,,,,,,,,,,,,,,,,,,,,,,,,,
361,,2012,Αγόρι,12,Animals,,Animals,,Animals,,,,,,,,,,3,3,,,,,,,,,,,,,,,,,,,,,,,,,,,,,,,,,,,,,,,
362,,2012,Κορίτσι,12,Ocean,,,,,,,,,,,,,,1,1,,,,,,,,,,,,,,,,,,,,,,,,,,,,,,,,,,,,,,,
364,,2013,Κορίτσι,11,Animals,,MICROWORLD,,ANCIENT_CIVILIZATION,,ANCIENT_CIVILIZATION,,NATURE_BLOOMING,,FOOD,,FOOD,,7,7,,,,1,0,1,0,0,0,0,0,0,1,1,0,0,0,0,0,0,0,,,,,,,,,,,,,,,,,,
369,,2013,Κορίτσι,11,Ocean,,Ocean,,Ocean,,Ocean,,Ocean,,Ocean,,Ocean,,7,5,"4, 6",,,1,1,1,1,0,0,1,0,0,1,1,0,0,1,0,0,0,0,,,,,,,,,,,,,,,,,,
371,,2011,Κορίτσι,13,City,,City,,City,,City,,City,,City,,City,,7,6,5,,,,,,,,,,,,,,,,,,,,,,,,,,,,,,,,,,,,,,
374,Πρώτη Γυμνασίου,2011,Αγόρι,13,Ocean,,Ocean,,Ocean,,Ocean,,NATURE_BLOOMING,,FOOD,,FOOD,,7,4,"2, 4, 5",,,,,,,,,,,,,,,,,,,,,1,2,3,1,2,2,3,1,1,3,1,3,3,2,1,8,16,2
375,,2013,Κορίτσι,11,Ocean,,Ocean,,Ocean,,Ocean,,Ocean,,Ocean,,FUTURISTIC_TRANSPORTATION,,7,6,4,,,,,,,,,,,,,,,,,,,,,,,,,,,,,,,,,,,,,,
380,,2008,Αγόρι,16,,,,,,,,,,,,,,,0,0,,,,,,,,,,,,,,,,,,,,,,,,,,,,,,,,,,,,,,,
382,,2012,Κορίτσι,12,Ocean,,Ocean,,Ocean,,Ocean,,Ocean,,Ocean,,Ocean,,7,4,"4, 5, 6",,,,,,,,,,,,,,,,,,,,,,,,,,,,,,,,,,,,,,
391,Πρώτη Γυμνασίου,2011,Κορίτσι,13,Ocean,,Ocean,,Ocean,,Ocean,,NATURE_BLOOMING,,FOOD,,FOOD,,7,4,"1, 2, 3",,,,,,,,,,,,,,,,,,,,,0,4,4,1,1,2,4,4,1,2,2,2,4,1,2,,17,2
394,Πρώτη Γυμνασίου,2011,Αγόρι,13,City,,City,,ANCIENT_CIVILIZATION,,ANCIENT_CIVILIZATION,,NATURE_BLOOMING,,FOOD,,FUTURISTIC_TRANSPORTATION,,7,7,,,,,,,,,,,,,,,,,,,,,,2,2,2,3,2,4,2,4,2,4,3,2,3,2,2,,18,1
395,Πρώτη Δημοτικού,2013,Κορίτσι,11,Animals,,Animals,,Animals,,Animals,,Animals,,Animals,,Animals,,7,7,,,,,,,,,,,,,,,,,,,,,,1,2,3,1,2,3,4,1,0,2,3,4,4,3,0,9,,1
396,,2011,Κορίτσι,13,Animals,,Animals,,Animals,,Animals,,Animals,,Animals,,Animals,,7,7,,,,,,,,,,,,,,,,,,,,,,,,,,,,,,,,,,,,,,,
400,,2008,Κορίτσι,16,Animals,,Animals,,Animals,,,,,,,,,,3,2,3,,,,,,,,,,,,,,,,,,,,,,,,,,,,,,,,,,,,,,
401,,2011,Κορίτσι,13,Ocean,,MICROWORLD,,ANCIENT_CIVILIZATION,,LANDSCAPES,,LANDSCAPES,,FOOD,,FOOD,,7,5,"3, 5",,,,,,,,,,,,,,,,,,,,,,,,,,,,,,,,,,,,,,
402,,2011,Κορίτσι,13,Animals,,Animals,,Animals,,Animals,,Animals,,Animals,,Animals,,7,7,,,,,,,,,,,,,,,,,,,,,,,,,,,,,,,,,,,,,,,
403,,2011,Κορίτσι,13,Animals,,Animals,,Animals,,Animals,,Animals,,Animals,,Animals,,7,7,,,,,,,,,,,,,,,,,,,,,,,,,,,,,,,,,,,,,,,
404,,2011,Κορίτσι,13,Ocean,,Ocean,,Ocean,,Ocean,,Ocean,,Ocean,,Ocean,,7,6,4,,,,,,,,,,,,,,,,,,,,,,,,,,,,,,,,,,,,,,
405,,2011,Κορίτσι,13,Ocean,,Ocean,,Ocean,,LANDSCAPES,,NATURE_BLOOMING,,NATURE_BLOOMING,,FUTURISTIC_TRANSPORTATION,,7,5,"6, 7",,,,,,,,,,,,,,,,,,,,,,,,,,,,,,,,,,,,,,
406,,2011,Κορίτσι,13,Animals,,MICROWORLD,,ANCIENT_CIVILIZATION,,LANDSCAPES,,NATURE_BLOOMING,,FOOD,,FUTURISTIC_TRANSPORTATION,,7,7,,,,,,,,,,,,,,,,,,,,,,,,,,,,,,,,,,,,,,,
407,,2011,Κορίτσι,13,City,,City,,City,,City,,City,,City,,City,,7,5,"3, 6",,,,,,,,,,,,,,,,,,,,,,,,,,,,,,,,,,,,,,
408,,2011,Κορίτσι,13,Animals,,Animals,,Animals,,Animals,,Animals,,Animals,,Animals,,7,5,"3, 7",,,,,,,,,,,,,,,,,,,,,,,,,,,,,,,,,,,,,,
409,,2011,Κορίτσι,13,Animals,,Animals,,Animals,,Animals,,Animals,,Animals,,Animals,,7,7,,,,,,,,,,,,,,,,,,,,,,,,,,,,,,,,,,,,,,,
410,,2011,Κορίτσι,13,Animals,,Animals,,Animals,,Animals,,Animals,,Animals,,Animals,,7,7,,,,,,,,,,,,,,,,,,,,,,,,,,,,,,,,,,,,,,,
411,Πρώτη Γυμνασίου,2012,Αγόρι,12,Animals,,Animals,,Animals,,Animals,,Animals,,Animals,,Animals,,7,5,"2, 3",,,,,,,,,,,,,,,,,,,,,1,0,3,1,2,3,4,1,0,3,2,3,0,1,1,,19,3
421,,2011,Κορίτσι,13,Space,,Space,,Space,,Space,,Space,,FOOD,,FOOD,,7,5,"2, 5",,,,,,,,,,,,,,,,,,,,,,,,,,,,,,,,,,,,,,
422,Πρώτη Γυμνασίου,2011,Αγόρι,13,Animals,,Animals,,ANCIENT_CIVILIZATION,,ANCIENT_CIVILIZATION,,ANCIENT_CIVILIZATION,,ANCIENT_CIVILIZATION,,ANCIENT_CIVILIZATION,,7,5,"4, 7",,,,,,,,,,,,,,,,,,,,,3,2,4,4,4,0,1,4,3,4,1,3,4,2,1,,18,2
423,Πρώτη Γυμνασίου,2011,Αγόρι,13,City,,City,,City,,City,,City,,City,,FUTURISTIC_TRANSPORTATION,,7,6,1,,,,,,,,,,,,,,,,,,,,,1,1,3,1,3,3,3,2,1,2,3,2,2,2,1,,19,2
424,Πρώτη Γυμνασίου,2011,Αγόρι,13,Animals,,Animals,,Animals,,Animals,,Animals,,Animals,,Animals,,7,5,"2, 7",,,,,,,,,,,,,,,,,,,,,0,4,4,0,3,4,4,3,1,4,0,3,2,1,1,,18,2
425,Πρώτη Γυμνασίου,2011,Αγόρι,13,Animals,,Animals,,Animals,,Animals,,Animals,,Animals,,Animals,,7,6,5,,,,,,,,,,,,,,,,,,,,,2,1,4,0,3,4,4,0,0,3,0,4,3,2,0,,19,2
426,Πρώτη Γυμνασίου,2011,Αγόρι,13,City,,City,,City,,City,,City,,City,,City,,7,7,,,,,,,,,,,,,,,,,,,,,,3,0,4,4,4,4,0,4,4,2,2,2,4,2,4,,12,1
427,Πρώτη Γυμνασίου,2011,Αγόρι,13,Space,,Space,,Space,,Space,,Space,,Space,,Space,,7,6,4,,,,,,,,,,,,,,,,,,,,,2,1,2,1,4,2,4,2,0,3,1,2,2,0,1,10,19,2
428,Πρώτη Γυμνασίου,2011,Αγόρι,13,Space,,Space,,Space,,Space,,Space,,Space,,Space,,7,6,6,,,,,,,,,,,,,,,,,,,,,2,1,4,1,2,4,4,1,0,1,2,4,3,1,2,,19,2
429,Πρώτη Γυμνασίου,2011,Αγόρι,13,Animals,,Animals,,Animals,,Animals,,Animals,,Animals,,Animals,,7,6,7,,,,,,,,,,,,,,,,,,,,,0,4,4,4,0,4,4,0,0,0,0,4,4,0,0,,12,1
432,Πρώτη Γυμνασίου,2011,Αγόρι,13,City,,City,,City,,City,,City,,City,,City,,7,3,"1, 3, 4, 7",,,,,,,,,,,,,,,,,,,,,2,2,4,1,0,4,0,2,0,2,1,4,4,0,4,,14,1
5001,Δευτέρα Λυκείου,2007,Αγόρι,17,City,1373.309,City,1408.306,City,1442.184,City,1471.935,City,1502.194,City,1534.497,City,1571.07,7,6,6,,,,,,,,,,,,,,,,,,,,,2,1,3,3,4,4,4,1,0,4,3,2,4,1,0,,14,2
5002,Δευτέρα Λυκείου,2007,Αγόρι,17,Space,747.929,Space,784.861,Space,819.603,Space,855.874,Space,886.032,Space,922.495,Space,952.064,7,7,,,,,,,,,,,,,,,,,,,,,,2,1,3,1,2,4,1,3,0,3,2,2,3,4,4,,13,2
5038,Πρώτη Λυκείου,2008,Κορίτσι,16,Ocean,614.783,Ocean,648.139,Ocean,682.141,Ocean,715.978,Ocean,747.735,Ocean,780.198,FUTURISTIC_TRANSPORTATION,30.109,7,5,"3, 6",,,,,,,,,,,,,,,,,,,,,2,4,4,3,1,2,4,0,0,1,3,3,3,2,0,,16,2
5078,Πρώτη Λυκείου,2008,Αγόρι,16,City,1557.324,MICROWORLD,29.316,ANCIENT_CIVILIZATION,35.689,ANCIENT_CIVILIZATION,68.539,ANCIENT_CIVILIZATION,99.588,ANCIENT_CIVILIZATION,132.447,ANCIENT_CIVILIZATION,166.422,7,5,"1, 6",,,,,,,,,,,,,,,,,,,,,2,3,4,1,1,1,3,1,1,1,0,3,2,1,1,,20,3
5079,Δευτέρα Λυκείου,2007,Κορίτσι,17,City,504.264,MICROWORLD,27.793,ANCIENT_CIVILIZATION,31.415,ANCIENT_CIVILIZATION,64.052,NATURE_BLOOMING,31.702,FOOD,28.095,FUTURISTIC_TRANSPORTATION,30.775,7,6,1,,,,,,,,,,,,,,,,,,,,,4,1,2,2,3,3,2,1,2,1,2,2,2,1,2,,17,2
5099,Δευτέρα Λυκείου,2007,Κορίτσι,17,Space,437.208,Space,473.054,Space,508.539,Space,540.698,Space,569.266,Space,607.367,Space,638.634,7,7,,,,,,,,,,,,,,,,,,,,,,2,4,1,1,4,4,2,3,2,3,2,0,4,4,1,,15,1
5119,Δευτέρα Λυκείου,2007,Κορίτσι,17,Ocean,562.128,Ocean,603.696,ANCIENT_CIVILIZATION,29.394,LANDSCAPES,28.145,NATURE_BLOOMING,39.17,FOOD,26.395,FOOD,56.53,7,5,"5, 7",,,,,,,,,,,,,,,,,,,,,2,3,2,2,3,4,4,2,0,3,2,2,4,1,1,,17,3
5138,Πρώτη Λυκείου,2008,Κορίτσι,16,Space,810.577,Space,849.192,ANCIENT_CIVILIZATION,30.818,ANCIENT_CIVILIZATION,71.517,NATURE_BLOOMING,31.689,NATURE_BLOOMING,101.001,FUTURISTIC_TRANSPORTATION,34.255,7,3,"3, 4, 6, 7",,,,,,,,,,,,,,,,,,,,,2,3,0,4,4,4,0,4,4,2,4,1,3,4,1,,17,1
5139,Δευτέρα Λυκείου,2007,Κορίτσι,17,Ocean,360.091,Ocean,395.772,ANCIENT_CIVILIZATION,28.222,ANCIENT_CIVILIZATION,57.903,NATURE_BLOOMING,29.467,FOOD,28.338,FUTURISTIC_TRANSPORTATION,27.746,7,7,,,,,,,,,,,,,,,,,,,,,,4,1,3,0,3,4,4,1,1,2,0,3,3,1,1,,18,3
5158,Πρώτη Λυκείου,2008,Κορίτσι,16,City,1234.169,MICROWORLD,30.254,MICROWORLD,69.802,MICROWORLD,101.405,MICROWORLD,134.701,MICROWORLD,165.106,MICROWORLD,195.443,7,6,7,,,,,,,,,,,,,,,,,,,,,0,2,4,0,2,1,4,0,0,3,2,2,1,1,2,,16,2
5159,Δευτέρα Λυκείου,2007,Κορίτσι,17,Ocean,1444.707,Ocean,1478.275,Ocean,1511.755,Ocean,1568.667,Ocean,1601.219,Ocean,1637.092,Ocean,1668.132,7,5,"3, 4",,,,,,,,,,,,,,,,,,,,,1,0,4,0,2,4,4,0,0,2,1,2,0,3,0,,20,2
5178,Πρώτη Λυκείου,2008,Κορίτσι,16,Ocean,718.705,MICROWORLD,31.687,ANCIENT_CIVILIZATION,30.636,LANDSCAPES,34.096,NATURE_BLOOMING,30.579,FOOD,30.195,FUTURISTIC_TRANSPORTATION,29.018,7,4,"4, 5, 7",,,,,,,,,,,,,,,,,,,,,1,0,4,1,1,4,4,0,0,2,0,2,2,1,0,,18,2
5179,Δευτέρα Λυκείου,2007,Κορίτσι,17,Ocean,495.017,Ocean,537.729,ANCIENT_CIVILIZATION,80.748,ANCIENT_CIVILIZATION,136.167,ANCIENT_CIVILIZATION,171.812,FOOD,27.611,FOOD,60.75,7,6,3,,,,,,,,,,,,,,,,,,,,,3,2,4,1,2,3,2,0,2,2,1,3,3,1,1,,20,3
5198,Πρώτη Λυκείου,2008,Κορίτσι,16,Ocean,455.8,Ocean,494.854,Ocean,535.334,LANDSCAPES,33.591,NATURE_BLOOMING,31.144,FOOD,37.013,FUTURISTIC_TRANSPORTATION,32.081,7,7,,,,,,,,,,,,,,,,,,,,,,4,3,3,2,3,4,1,2,3,3,2,2,2,3,2,,19,2
5199,Δευτέρα Λυκείου,2007,Κορίτσι,17,Animals,351.27,Animals,403.569,ANCIENT_CIVILIZATION,33.16,ANCIENT_CIVILIZATION,76.425,NATURE_BLOOMING,31.031,FOOD,27.097,FOOD,57.911,7,6,4,,,,,,,,,,,,,,,,,,,,,4,2,3,4,4,3,0,3,2,4,1,0,4,4,2,,15,1
5218,Πρώτη Λυκείου,2008,Αγόρι,16,City,574.77,MICROWORLD,30.314,ANCIENT_CIVILIZATION,30.244,LANDSCAPES,30.601,LANDSCAPES,66.208,FOOD,30.036,FOOD,63.005,7,6,5,,,,,,,,,,,,,,,,,,,,,4,2,1,3,4,4,0,4,2,2,3,1,4,2,1,,15,3
5219,Δευτέρα Λυκείου,2007,Κορίτσι,17,Animals,561.148,MICROWORLD,29.214,ANCIENT_CIVILIZATION,30.784,ANCIENT_CIVILIZATION,65.921,NATURE_BLOOMING,34.497,FOOD,30.706,FUTURISTIC_TRANSPORTATION,28.998,7,6,6,,,,,,,,,,,,,,,,,,,,,4,4,2,2,4,4,1,2,4,4,4,1,4,3,4,,13,2
5238,Πρώτη Λυκείου,2008,Αγόρι,16,Space,1190.119,MICROWORLD,29.392,ANCIENT_CIVILIZATION,30.339,LANDSCAPES,30.579,LANDSCAPES,64.852,LANDSCAPES,95.921,LANDSCAPES,126.455,7,6,7,,,,,,,,,,,,,,,,,,,,,2,1,3,0,4,4,3,1,0,4,4,1,3,3,2,,19,3
5239,Δευτέρα Λυκείου,2007,Κορίτσι,17,Ocean,594.489,MICROWORLD,27.746,ANCIENT_CIVILIZATION,26.093,LANDSCAPES,29.413,NATURE_BLOOMING,43.941,FOOD,28.672,FUTURISTIC_TRANSPORTATION,35.398,7,6,5,,,,,,,,,,,,,,,,,,,,,2,2,4,3,3,4,4,2,0,3,2,3,2,3,1,,17,2
5258,Πρώτη Λυκείου,2008,Κορίτσι,16,Space,266.403,MICROWORLD,28.332,MICROWORLD,61.239,LANDSCAPES,33.67,LANDSCAPES,67.018,LANDSCAPES,99.343,FUTURISTIC_TRANSPORTATION,29.897,7,7,,,,,,,,,,,,,,,,,,,,,,2,3,4,2,4,4,4,3,1,2,1,4,4,1,1,,18,2
5259,Δευτέρα Λυκείου,2007,Κορίτσι,17,Space,738.13,MICROWORLD,27.359,MICROWORLD,63.704,MICROWORLD,98.953,MICROWORLD,133.226,FOOD,31.459,FUTURISTIC_TRANSPORTATION,32.359,7,6,1,,,,,,,,,,,,,,,,,,,,,2,1,4,0,1,1,4,0,0,3,0,4,3,0,0,,20,3
5278,Πρώτη Λυκείου,2008,Αγόρι,16,Animals,512.07,Animals,556.878,Animals,592.527,Animals,630.205,Animals,663.593,Animals,696.145,Animals,731.535,7,6,3,,,,,,,,,,,,,,,,,,,,,3,2,3,1,2,4,2,1,2,3,1,1,2,1,0,,17,2
5279,Δευτέρα Λυκείου,2007,Κορίτσι,17,Space,499.155,Space,533.05,Space,565.763,LANDSCAPES,28.658,LANDSCAPES,62.148,FOOD,32.609,FOOD,61.92,7,6,5,,,,,,,,,,,,,,,,,,,,,2,3,3,0,4,1,3,1,0,1,1,4,3,0,0,,20,2
5298,Πρώτη Λυκείου,2008,Αγόρι,16,Animals,2052.626,Animals,2091.204,Animals,2103.284,Animals,2135.814,Animals,2167.65,Animals,2199.223,Animals,2231.258,7,7,,,,,,,,,,,,,,,,,,,,,,3,1,4,2,3,3,0,0,4,4,4,4,4,0,0,,18,2
5299,Δευτέρα Λυκείου,2007,Κορίτσι,17,City,2060.784,City,2102.825,ANCIENT_CIVILIZATION,29.605,LANDSCAPES,30.826,NATURE_BLOOMING,32.584,FOOD,29.33,FUTURISTIC_TRANSPORTATION,32.761,7,7,,,,,,,,,,,,,,,,,,,,,,4,3,2,2,4,4,2,3,2,3,3,2,4,2,2,,19,3
5318,Πρώτη Λυκείου,2008,Αγόρι,16,Animals,401.006,Animals,441.447,Animals,457.4,Animals,491.438,Animals,523.401,Animals,556.604,Animals,592.306,7,7,,,,,,,,,,,,,,,,,,,,,,1,0,3,0,0,0,4,0,0,0,0,2,0,0,0,,16,2
5337,Δευτέρα Λυκείου,2007,Κορίτσι,17,City,489.272,City,541.33,ANCIENT_CIVILIZATION,30.052,LANDSCAPES,32.096,NATURE_BLOOMING,38.789,FOOD,28.177,FUTURISTIC_TRANSPORTATION,28.259,7,6,1,,,,,,,,,,,,,,,,,,,,,1,0,4,1,2,3,4,0,0,2,0,3,3,1,0,,19,2
5346,Τρίτη Λυκείου,2006,Αγόρι,18,Space,963.262,Space,998.155,Space,1035.06,Space,1069.581,Space,1100.208,Space,1139.954,FUTURISTIC_TRANSPORTATION,31.46,7,7,,,,,,,,,,,,,,,,,,,,,,2,3,4,1,3,3,4,4,1,3,1,2,3,3,2,,14,2
5358,Τρίτη Γυμνασίου,2008,Κορίτσι,16,Ocean,2656.954,MICROWORLD,33.467,ANCIENT_CIVILIZATION,33.127,LANDSCAPES,38.459,NATURE_BLOOMING,35.55,FOOD,29.331,FUTURISTIC_TRANSPORTATION,29.776,7,2,"1, 2, 5, 6, 7",,,,,,,,,,,,,,,,,,,,,2,3,3,0,2,4,1,0,2,0,1,3,3,1,0,,17,1
5377,Δευτέρα Λυκείου,2007,Κορίτσι,17,Space,564.711,Space,620.441,ANCIENT_CIVILIZATION,30.943,ANCIENT_CIVILIZATION,66.661,NATURE_BLOOMING,28.88,FOOD,31.916,FUTURISTIC_TRANSPORTATION,30.459,7,5,"4, 7",,,,,,,,,,,,,,,,,,,,,3,3,2,1,3,4,3,2,1,2,2,3,3,1,2,,19,2
5378,Τρίτη Λυκείου,2008,Αγόρι,16,Space,585.831,MICROWORLD,28.699,ANCIENT_CIVILIZATION,28.261,LANDSCAPES,30.683,LANDSCAPES,60.866,LANDSCAPES,90.949,LANDSCAPES,120.285,7,5,"5, 7",,,,,,,,,,,,,,,,,,,,,4,4,3,0,3,3,3,4,1,4,3,1,4,4,4,,15,2
5397,Δευτέρα Λυκείου,2007,Κορίτσι,17,Ocean,536.018,MICROWORLD,29.418,ANCIENT_CIVILIZATION,32.53,LANDSCAPES,30.474,NATURE_BLOOMING,50.481,FOOD,30.148,FUTURISTIC_TRANSPORTATION,32.849,7,6,7,,,,,,,,,,,,,,,,,,,,,3,4,4,1,4,4,1,1,1,4,2,2,4,1,3,,18,2
5430,Τρίτη Λυκείου,2006,Αγόρι,18,City,1508.091,City,1544.829,ANCIENT_CIVILIZATION,31.65,LANDSCAPES,35.098,NATURE_BLOOMING,30.738,FOOD,28.139,FUTURISTIC_TRANSPORTATION,29.314,7,6,1,,,,,,,,,,,,,,,,,,,,,2,3,4,2,2,2,3,4,0,3,0,4,3,0,2,,18,3
5431,Πρώτη Λυκείου,2006,Αγόρι,18,Space,1448.081,MICROWORLD,28.873,MICROWORLD,61.428,LANDSCAPES,30.213,NATURE_BLOOMING,29.208,FOOD,27.683,FUTURISTIC_TRANSPORTATION,31.234,7,5,"1, 3",,,,,,,,,,,,,,,,,,,,,4,4,2,3,4,4,0,4,3,4,4,4,2,1,2,,10,2
5433,Τρίτη Λυκείου,2006,Αγόρι,18,Ocean,807.842,Ocean,843.055,Ocean,886.713,Ocean,931.706,Ocean,962.642,FOOD,27.773,FOOD,62.094,7,6,3,,,,,,,,,,,,,,,,,,,,,4,3,3,2,4,0,1,3,2,4,2,1,3,2,2,,11,1
5437,Τρίτη Λυκείου,2006,Αγόρι,18,Animals,834.81,Animals,879.632,Animals,893.628,Animals,930.893,Animals,964.466,Animals,1001.967,Animals,1037.526,7,7,,,,,,,,,,,,,,,,,,,,,,4,3,1,3,4,2,0,3,4,2,2,2,2,3,4,,2,1
5441,Πρώτη Λυκείου,2008,Αγόρι,16,Animals,2167.99,MICROWORLD,30.034,ANCIENT_CIVILIZATION,29.759,LANDSCAPES,30.616,NATURE_BLOOMING,43.202,FOOD,30.37,FUTURISTIC_TRANSPORTATION,30.747,7,6,5,,,,,,,,,,,,,,,,,,,,,2,1,3,1,2,2,3,2,1,3,1,2,3,1,1,,19,1
5443,Πρώτη Λυκείου,2008,Αγόρι,16,City,560.061,MICROWORLD,35.306,MICROWORLD,72.632,MICROWORLD,111.966,NATURE_BLOOMING,32.163,NATURE_BLOOMING,70.614,FUTURISTIC_TRANSPORTATION,33.515,7,4,"1, 2, 4",,,,,,,,,,,,,,,,,,,,,2,0,4,0,4,3,0,0,2,4,3,2,4,2,2,,17,1
5444,Πρώτη Λυκείου,2008,Κορίτσι,16,Ocean,656.822,MICROWORLD,30.859,ANCIENT_CIVILIZATION,28.965,LANDSCAPES,33.364,NATURE_BLOOMING,30.654,FOOD,29.406,FUTURISTIC_TRANSPORTATION,30.613,7,7,,,,,,,,,,,,,,,,,,,,,,2,1,4,2,3,1,0,4,1,4,4,3,4,2,4,,17,2
5445,Πρώτη Λυκείου,2008,Κορίτσι,16,Space,1049.855,Space,1083.641,Space,1116.068,LANDSCAPES,28.337,NATURE_BLOOMING,30.42,NATURE_BLOOMING,67.236,FUTURISTIC_TRANSPORTATION,27.721,7,5,"5, 7",,,,,,,,,,,,,,,,,,,,,2,3,1,3,4,1,1,3,2,3,2,1,3,2,1,,18,2
5446,Πρώτη Λυκείου,2008,Κορίτσι,16,Space,545.83,Space,586.152,Space,627.993,LANDSCAPES,30.699,NATURE_BLOOMING,32.93,FOOD,29.036,FUTURISTIC_TRANSPORTATION,34.232,7,7,,,,,,,,,,,,,,,,,,,,,,3,1,4,2,3,4,0,1,0,4,0,2,2,3,0,,17,1
5447,Πρώτη Λυκείου,2008,Κορίτσι,16,Ocean,2155.533,Ocean,2187.549,ANCIENT_CIVILIZATION,34.213,LANDSCAPES,30.316,LANDSCAPES,64.686,LANDSCAPES,101.983,FUTURISTIC_TRANSPORTATION,33.45,7,5,"3, 5",,,,,,,,,,,,,,,,,,,,,2,3,2,3,1,4,2,1,0,3,2,2,4,3,0,,17,2
5449,Πρώτη Λυκείου,2008,Κορίτσι,16,Space,61.124,Space,91.147,Space,122.281,Space,151.999,Space,180.921,FOOD,27.073,FOOD,61.305,7,7,,,,,,,,,,,,,,,,,,,,,,1,0,4,1,2,4,0,0,4,3,3,2,4,3,1,,19,2
5451,Πρώτη Λυκείου,2008,Κορίτσι,16,Animals,2528.753,Animals,2567.865,Animals,2588.549,Animals,2626.336,Animals,2687.487,Animals,2748.99,Animals,2806.914,7,6,3,,,,,,,,,,,,,,,,,,,,,2,0,3,2,1,4,4,1,0,0,0,2,1,0,0,,17,1
5456,Πρώτη Λυκείου,2008,Κορίτσι,16,Space,891.42,MICROWORLD,27.792,ANCIENT_CIVILIZATION,28.341,LANDSCAPES,29.237,NATURE_BLOOMING,28.964,FOOD,27.526,FUTURISTIC_TRANSPORTATION,29.645,7,7,,,,,,,,,,,,,,,,,,,,,,2,3,2,3,4,4,2,1,1,3,1,1,4,2,2,,19,1
5457,Πρώτη Λυκείου,2008,Κορίτσι,16,Ocean,2023.603,Ocean,2078.611,Ocean,2129.387,Ocean,2174.323,Ocean,2222.227,Ocean,2270.282,Ocean,2311.398,7,6,4,,,,,,,,,,,,,,,,,,,,,1,3,4,2,1,4,4,1,1,1,0,2,2,1,0,,18,2
5458,Πρώτη Λυκείου,2008,Κορίτσι,16,Animals,894.12,Animals,933.049,ANCIENT_CIVILIZATION,30.382,ANCIENT_CIVILIZATION,63.343,ANCIENT_CIVILIZATION,96.536,ANCIENT_CIVILIZATION,140.822,ANCIENT_CIVILIZATION,170.638,7,5,"6, 7",,,,,,,,,,,,,,,,,,,,,4,3,4,0,4,3,1,0,3,3,1,2,4,1,0,,18,3
5460,Πρώτη Λυκείου,2008,Κορίτσι,16,Space,1063.937,MICROWORLD,27.832,MICROWORLD,60.565,LANDSCAPES,30.961,NATURE_BLOOMING,27.96,FOOD,31.463,FUTURISTIC_TRANSPORTATION,30.232,7,7,,,,,,,,,,,,,,,,,,,,,,2,4,4,4,4,4,0,0,4,2,4,4,2,4,3,,18,2
5461,Δευτέρα Λυκείου,2007,Αγόρι,17,Animals,7043.053,MICROWORLD,36.668,ANCIENT_CIVILIZATION,40.744,LANDSCAPES,31.947,NATURE_BLOOMING,36.962,FOOD,31.043,FOOD,69.874,7,6,1,,,,,,,,,,,,,,,,,,,,,4,4,1,3,4,2,4,3,1,4,4,0,4,2,3,,13,2
5462,Δευτέρα Λυκείου,2007,Αγόρι,17,Animals,10038.863,MICROWORLD,29.008,ANCIENT_CIVILIZATION,31.902,LANDSCAPES,34.314,NATURE_BLOOMING,31.07,FOOD,33.358,FUTURISTIC_TRANSPORTATION,35.308,7,7,,,,,,,,,,,,,,,,,,,,,,4,3,4,0,4,4,4,2,0,3,0,2,3,4,2,,15,2
5463,Δευτέρα Λυκείου,2007,Αγόρι,17,City,6934.283,City,6987.401,City,7022.787,City,7059.602,City,7096.123,City,7134.052,City,7175.572,7,4,"1, 5, 7",,,,,,,,,,,,,,,,,,,,,4,3,3,1,1,3,4,3,0,4,4,1,2,4,2,,2,1
5464,Δευτέρα Λυκείου,2007,Κορίτσι,17,Animals,10119.877,Animals,10174.573,Animals,10211.037,Animals,10245.525,Animals,10286.341,Animals,10317.27,Animals,10351.575,7,6,2,,,,,,,,,,,,,,,,,,,,,2,2,4,1,1,4,1,2,4,3,0,3,1,1,2,,17,1
5466,Δευτέρα Λυκείου,2007,Κορίτσι,17,Animals,10137.557,Animals,10176.133,Animals,10201.872,Animals,10238.433,Animals,10272.094,Animals,10303.416,Animals,10345.223,7,7,,,,,,,,,,,,,,,,,,,,,,4,2,2,1,3,4,1,1,2,3,2,0,3,2,4,,17,1
5467,Δευτέρα Λυκείου,2007,Αγόρι,17,City,672.85,MICROWORLD,27.92,ANCIENT_CIVILIZATION,28.6,LANDSCAPES,28.717,NATURE_BLOOMING,28.786,FOOD,29.167,FUTURISTIC_TRANSPORTATION,36.548,7,7,,,,,,,,,,,,,,,,,,,,,,4,1,4,0,2,2,4,0,1,4,1,1,4,2,1,,16,3
5468,Τρίτη Λυκείου,2006,Κορίτσι,18,City,10155.282,City,10192.003,City,10227.243,LANDSCAPES,34.849,NATURE_BLOOMING,35.308,NATURE_BLOOMING,74.251,FUTURISTIC_TRANSPORTATION,30.232,7,6,5,,,,,,,,,,,,,,,,,,,,,2,1,4,1,1,3,4,1,0,2,0,2,2,1,0,,19,2
5469,Τρίτη Λυκείου,2006,Αγόρι,18,City,10154.217,City,10189.426,City,10223.055,City,10254.904,City,10287.617,City,10316.753,City,10351.001,7,6,1,,,,,,,,,,,,,,,,,,,,,2,3,4,1,2,1,2,1,2,3,0,3,3,1,0,,17,2
5470,Δευτέρα Λυκείου,2007,Αγόρι,17,Ocean,718.033,MICROWORLD,27.411,ANCIENT_CIVILIZATION,28.033,LANDSCAPES,28.889,NATURE_BLOOMING,34.657,FOOD,29.057,FOOD,63.761,7,6,5,,,,,,,,,,,,,,,,,,,,,2,0,4,0,2,3,4,0,0,2,0,4,3,2,0,,17,3
5471,Δευτέρα Λυκείου,2007,Αγόρι,17,Space,11019.716,Space,11062.196,Space,11106.627,Space,11141.029,Space,11172.486,Space,11222.54,Space,11279.277,7,7,,,,,,,,,,,,,,,,,,,,,,2,1,4,0,1,1,3,1,0,1,0,2,1,2,2,,18,1
5472,Τρίτη Λυκείου,2006,Αγόρι,18,Space,7868.386,Space,7914.794,Space,7954.29,Space,8002.898,Space,8040.627,Space,8082.284,Space,8114.871,7,7,,,,,,,,,,,,,,,,,,,,,,3,3,2,1,2,3,4,3,0,4,0,0,3,0,4,,18,2
5473,Δευτέρα Λυκείου,2007,Αγόρι,17,Ocean,713.162,MICROWORLD,27.345,MICROWORLD,71.291,MICROWORLD,104.189,NATURE_BLOOMING,27.486,FOOD,26.931,FOOD,61.78,7,6,3,,,,,,,,,,,,,,,,,,,,,3,4,1,3,4,2,2,3,4,3,3,0,2,4,2,,15,1
5474,Δευτέρα Λυκείου,2007,Κορίτσι,17,Animals,10999.237,MICROWORLD,29.984,ANCIENT_CIVILIZATION,37.763,LANDSCAPES,33.8,NATURE_BLOOMING,30.433,Animals,212.941,Animals,244.917,7,7,,,,,,,,,,,,,,,,,,,,,,2,1,4,1,2,2,3,1,0,2,0,2,2,2,1,,17,3
5475,Δευτέρα Λυκείου,2007,Κορίτσι,17,Space,11054.008,Space,11088.073,Space,11117.994,Space,11148.98,Space,11182.157,Space,11221.189,Space,11253.687,7,5,"5, 6",,,,,,,,,,,,,,,,,,,,,2,1,3,1,3,4,4,2,1,3,1,2,4,2,1,,19,2
5477,,2007,Αγόρι,17,Space,11689.225,Space,11737.954,ANCIENT_CIVILIZATION,27.624,LANDSCAPES,29.58,LANDSCAPES,64.426,FOOD,31.023,,,6,6,,,,,,,,,,,,,,,,,,,,,,,,,,,,,,,,,,,,,,,
5478,,2007,Αγόρι,17,Space,409.27,Space,449.836,Space,485.227,LANDSCAPES,33.076,LANDSCAPES,71.082,FOOD,27.226,FOOD,62.01,7,6,5,,,,,,,,,,,,,,,,,,,,,,,,,,,,,,,,,,,,,,
5479,Δευτέρα Λυκείου,2007,Κορίτσι,17,Space,735.228,Space,776.792,Space,826.06,Space,886.925,Space,916.798,Space,951.381,Space,984.478,7,7,,,,,,,,,,,,,,,,,,,,,,1,1,3,1,1,1,3,2,1,2,2,2,3,2,1,,20,2
5480,Δευτέρα Λυκείου,2007,Αγόρι,17,Space,777.377,MICROWORLD,26.899,ANCIENT_CIVILIZATION,30.505,LANDSCAPES,27.873,LANDSCAPES,66.739,FOOD,27.757,FUTURISTIC_TRANSPORTATION,28.447,7,6,5,,,,,,,,,,,,,,,,,,,,,3,4,4,0,4,4,2,2,4,4,2,4,4,1,2,,18,3
5481,Δευτέρα Λυκείου,2007,Κορίτσι,17,Ocean,832.409,Ocean,867.319,ANCIENT_CIVILIZATION,30.283,LANDSCAPES,30.806,LANDSCAPES,61.887,FOOD,26.541,FUTURISTIC_TRANSPORTATION,26.867,7,4,"3, 5, 7",,,,,,,,,,,,,,,,,,,,,3,1,3,4,2,4,0,1,4,0,4,4,4,0,1,,15,1
5482,Πρώτη Δημοτικού,2007,Αγόρι,17,City,8803.848,City,8840.787,City,8879.448,City,8913.864,NATURE_BLOOMING,28.127,NATURE_BLOOMING,67.357,NATURE_BLOOMING,102.344,7,5,"1, 7",,,,,,,,,,,,,,,,,,,,,1,3,0,4,2,0,0,4,4,2,3,0,2,3,2,10,,3
5483,Δευτέρα Λυκείου,2007,Κορίτσι,17,Space,11986.188,MICROWORLD,28.898,ANCIENT_CIVILIZATION,33.453,LANDSCAPES,27.634,NATURE_BLOOMING,39.43,FOOD,27.195,FOOD,58.851,7,7,,,,,,,,,,,,,,,,,,,,,,4,2,4,1,3,3,0,1,4,2,1,3,4,1,0,,18,3
5484,Δευτέρα Λυκείου,2024,Αγόρι,0,City,671.317,City,705.015,City,735.663,City,766.352,NATURE_BLOOMING,29.902,NATURE_BLOOMING,61.756,NATURE_BLOOMING,96.43,7,5,"1, 3",,,,,,,,,,,,,,,,,,,,,4,4,4,4,4,4,4,4,4,4,2,1,2,4,4,,1,2
5486,Δευτέρα Λυκείου,2007,Αγόρι,17,Ocean,243.631,Ocean,285.172,Ocean,317.511,Ocean,352.12,Ocean,387.224,Ocean,420.416,Ocean,453.369,7,4,"4, 5, 6",,,,,,,,,,,,,,,,,,,,,0,2,3,0,2,1,1,2,1,3,2,2,2,0,0,,15,2
5487,Δευτέρα Λυκείου,2007,Κορίτσι,17,Space,656.221,Space,692.293,Space,724.957,Space,755.329,Space,787.681,Space,824.301,Space,857.702,7,6,6,,,,,,,,,,,,,,,,,,,,,2,3,2,2,3,4,3,2,1,2,1,3,3,1,1,,15,1
5488,Δευτέρα Λυκείου,2007,Κορίτσι,17,Ocean,852.686,Ocean,887.646,Ocean,927.414,Ocean,967.951,Ocean,1001.847,Ocean,1039.793,Ocean,1084.659,7,6,3,,,,,,,,,,,,,,,,,,,,,2,3,4,2,2,0,2,2,2,3,4,1,2,1,2,,14,2
5489,Τρίτη Λυκείου,2006,Αγόρι,18,City,152.981,MICROWORLD,34.325,ANCIENT_CIVILIZATION,28.33,LANDSCAPES,29.019,NATURE_BLOOMING,28.682,FOOD,30.537,FUTURISTIC_TRANSPORTATION,48.091,7,7,,,,,,,,,,,,,,,,,,,,,,3,2,3,3,3,1,1,2,0,3,3,2,3,2,1,,18,2
5490,Δευτέρα Λυκείου,2007,Αγόρι,17,City,790.694,City,829.35,City,863.574,City,924.417,NATURE_BLOOMING,42.841,FOOD,42.255,FUTURISTIC_TRANSPORTATION,30.705,7,6,1,,,,,,,,,,,,,,,,,,,,,0,3,4,0,4,4,4,4,0,4,4,1,2,4,2,,17,3
5491,Τρίτη Λυκείου,1961,Κορίτσι,63,Space,722.804,Space,790.604,ANCIENT_CIVILIZATION,31.346,LANDSCAPES,31.108,NATURE_BLOOMING,31.707,FOOD,33.931,FUTURISTIC_TRANSPORTATION,29.947,7,7,,,,,,,,,,,,,,,,,,,,,,1,2,4,0,2,4,3,0,0,1,1,3,2,0,1,,20,2
54676,Δευτέρα Λυκείου,2007,Αγόρι,17,Ocean,689.598,Ocean,737.622,Ocean,776.854,LANDSCAPES,30.558,LANDSCAPES,69.81,FOOD,29.39,FOOD,62.386,7,6,5,,,,,,,,,,,,,,,,,,,,,2,4,2,1,3,3,4,4,0,4,1,3,2,2,1,,17,1
